City_ID,City,Country,Date,Lat,Lng,Max Temp,Humidity,Cloudiness,Wind Speed
0,Ejido,VE,2021-04-26 00:11:55,8.5514,-71.2375,71.76,86,99,1.57
1,Crown Point,US,2021-04-26 00:11:55,41.417,-87.3653,39.99,56,75,12.66
2,Korla,CN,2021-04-26 00:11:56,41.7597,86.1469,47.62,24,22,4.41
3,Mahebourg,MU,2021-04-26 00:08:37,-20.4081,57.7,77.0,88,75,14.97
4,Olafsvik,IS,2021-04-26 00:11:56,64.8945,-23.7142,39.47,89,11,14.97
5,Mwinilunga,ZM,2021-04-26 00:11:57,-11.7358,24.4293,60.3,90,76,2.95
6,Bucerias,MX,2021-04-26 00:11:57,20.75,-105.3333,80.01,78,75,12.66
7,Vestmannaeyjar,IS,2021-04-26 00:11:58,63.4427,-20.2734,44.08,80,0,10.0
8,Rikitea,PF,2021-04-26 00:11:58,-23.1203,-134.9692,77.97,75,86,5.95
9,Ushuaia,AR,2021-04-26 00:11:38,-54.8,-68.3,48.2,71,75,20.71
10,Mokhsogollokh,RU,2021-04-26 00:11:59,61.4681,128.9203,36.39,96,100,4.56
11,Lavumisa,SZ,2021-04-26 00:11:59,-27.31,31.892,61.99,95,0,2.35
12,Mar Del Plata,AR,2021-04-26 00:08:47,-38.0023,-57.5575,60.01,77,40,3.44
13,Puerto Ayora,EC,2021-04-26 00:12:00,-0.7393,-90.3518,76.15,81,42,7.56
14,Kaitangata,NZ,2021-04-26 00:12:00,-46.2817,169.8464,57.0,50,69,11.01
15,Sao Filipe,CV,2021-04-26 00:09:36,14.8961,-24.4956,72.05,71,84,8.84
16,Along,IN,2021-04-26 00:11:50,28.1667,94.7667,66.81,58,5,1.79
17,Tuktoyaktuk,CA,2021-04-26 00:12:01,69.4541,-133.0374,14.0,79,90,11.5
18,Lompoc,US,2021-04-26 00:07:43,34.6391,-120.4579,57.2,72,100,9.22
19,Saint-Philippe,RE,2021-04-26 00:08:39,-21.3585,55.7679,77.0,73,0,17.27
20,Mundo Nuevo,MX,2021-04-26 00:12:03,18.7,-95.5,79.57,82,61,10.65
21,Luderitz,NA,2021-04-26 00:12:04,-26.6481,15.1594,61.68,90,95,2.89
22,Kahului,US,2021-04-26 00:12:05,20.8947,-156.47,82.4,54,40,24.16
23,Kapaa,US,2021-04-26 00:12:05,22.0752,-159.319,79.0,73,40,12.66
24,Souillac,MU,2021-04-26 00:07:45,-20.5167,57.5167,77.0,88,75,14.97
25,Hami,CN,2021-04-26 00:12:06,42.8,93.45,41.34,17,82,6.62
26,Butaritari,KI,2021-04-26 00:09:35,3.0707,172.7902,82.96,74,15,11.77
27,Victoria,HK,2021-04-26 00:09:01,22.2855,114.1577,75.0,81,100,3.0
28,Dikson,RU,2021-04-26 00:11:29,73.5069,80.5464,17.42,94,100,12.68
29,Coihaique,CL,2021-04-26 00:11:23,-45.5752,-72.0662,55.4,58,75,8.05
30,Port Alfred,ZA,2021-04-26 00:09:39,-33.5906,26.891,70.57,54,100,12.21
31,Pizarro,CO,2021-04-26 00:12:07,4.9533,-77.366,79.23,86,95,3.87
32,Albany,US,2021-04-26 00:12:08,42.6001,-73.9662,55.4,62,40,18.41
33,Bathsheba,BB,2021-04-26 00:12:09,13.2167,-59.5167,78.8,61,20,14.97
34,Gubkinskiy,RU,2021-04-26 00:12:09,64.434,76.5026,32.74,94,100,13.51
35,Bluff,NZ,2021-04-26 00:07:59,-46.6,168.3333,46.99,90,90,8.99
36,Barrow,US,2021-04-26 00:07:49,71.2906,-156.7887,21.2,79,1,20.71
37,Sidney,AU,2021-04-26 00:08:15,-33.8679,151.2073,66.99,67,20,8.05
38,Avarua,CK,2021-04-26 00:12:10,-21.2078,-159.775,82.4,78,75,10.36
39,Cidreira,BR,2021-04-26 00:12:11,-30.1811,-50.2056,67.62,62,87,10.4
40,Pasighat,IN,2021-04-26 00:08:17,28.0667,95.3333,74.16,40,3,3.71
41,Morden,CA,2021-04-26 00:10:58,49.1919,-98.1014,42.8,65,100,12.66
42,Jepara,ID,2021-04-26 00:12:12,-5.1695,105.7044,77.36,84,12,2.84
43,Hamilton,US,2021-04-26 00:08:55,39.1834,-84.5333,57.2,41,1,6.91
44,Indian Head,US,2021-04-26 00:12:13,38.6001,-77.1622,60.8,51,1,5.75
45,Hasaki,JP,2021-04-26 00:10:18,35.7333,140.8333,54.0,37,20,18.41
46,Isla Vista,US,2021-04-26 00:09:40,34.4133,-119.861,59.0,77,90,11.5
47,Lebu,CL,2021-04-26 00:12:14,-37.6167,-73.65,55.33,91,1,9.78
48,Padang,ID,2021-04-26 00:12:14,-0.9492,100.3543,78.33,83,83,3.2
49,Kimbe,PG,2021-04-26 00:12:15,-5.5502,150.1429,84.52,70,75,3.04
50,Busselton,AU,2021-04-26 00:09:02,-33.65,115.3333,55.0,99,96,4.5
51,Provideniya,RU,2021-04-26 00:12:15,64.3833,-173.3,39.2,65,0,4.47
52,Rio Novo,BR,2021-04-26 00:12:16,-21.4575,-43.1253,66.99,93,90,1.01
53,Amnat Charoen,TH,2021-04-26 00:12:16,15.9167,104.75,84.0,83,65,6.02
54,Camacha,PT,2021-04-26 00:12:17,33.0833,-16.3333,62.6,77,40,17.27
55,Ilulissat,GL,2021-04-26 00:12:17,69.2167,-51.1,48.2,46,20,19.57
56,Carnarvon,AU,2021-04-26 00:12:17,-24.8667,113.6333,69.8,52,0,8.05
57,Mataura,NZ,2021-04-26 00:11:19,-46.1927,168.8643,46.99,90,78,8.99
58,Castro,BR,2021-04-26 00:11:46,-24.7911,-50.0119,59.34,91,71,3.2
59,Bridlington,GB,2021-04-26 00:12:19,54.0831,-0.1919,36.0,80,5,6.91
60,Asfi,MA,2021-04-26 00:12:19,32.2994,-9.2372,64.13,79,7,23.15
61,Maldonado,UY,2021-04-26 00:12:20,-34.6667,-54.9167,64.4,68,20,20.71
62,Myre,NO,2021-04-26 00:12:20,69.1036,15.9492,33.8,80,90,4.61
63,Oudtshoorn,ZA,2021-04-26 00:12:21,-33.5907,22.2014,60.8,88,40,3.44
64,Rock Sound,BS,2021-04-26 00:09:57,24.9,-76.2,78.39,80,18,9.04
65,Port Hardy,CA,2021-04-26 00:12:21,50.6996,-127.4199,51.8,76,75,3.44
66,Wajir,KE,2021-04-26 00:12:22,1.7471,40.0573,79.12,71,75,13.33
67,Atuona,PF,2021-04-26 00:09:38,-9.8,-139.0333,80.08,73,52,15.3
68,Cherskiy,RU,2021-04-26 00:07:47,68.75,161.3,17.42,83,95,6.22
69,Cape Town,ZA,2021-04-26 00:10:25,-33.9258,18.4232,63.0,94,75,4.61
70,Airai,TL,2021-04-26 00:11:44,-8.9266,125.4092,65.23,56,18,2.62
71,Kita,ML,2021-04-26 00:12:23,13.0349,-9.4895,91.33,26,72,3.76
72,Punta Arenas,CL,2021-04-26 00:08:02,-53.15,-70.9167,48.2,87,75,10.36
73,Hobart,AU,2021-04-26 00:12:24,-42.8794,147.3294,63.0,48,40,19.57
74,Grindavik,IS,2021-04-26 00:08:44,63.8424,-22.4338,39.2,93,0,13.8
75,Dunedin,NZ,2021-04-26 00:12:24,-45.8742,170.5036,57.0,41,67,13.0
76,Cabo San Lucas,MX,2021-04-26 00:12:25,22.8909,-109.9124,84.0,18,90,3.44
77,New Norfolk,AU,2021-04-26 00:08:42,-42.7826,147.0587,63.0,75,98,3.0
78,Karaidel,RU,2021-04-26 00:12:25,55.8337,56.9069,35.62,80,79,11.81
79,Coos Bay,US,2021-04-26 00:12:26,43.3665,-124.2179,52.0,76,90,14.97
80,Chokurdakh,RU,2021-04-26 00:09:30,70.6333,147.9167,23.97,94,100,13.73
81,Izazi,TZ,2021-04-26 00:12:27,-7.2,35.7333,68.54,86,78,1.5
82,Whitehorse,CA,2021-04-26 00:09:18,60.7161,-135.0538,57.2,19,1,14.97
83,Bowen,AU,2021-04-26 00:12:28,-20.0167,148.2333,75.2,73,90,11.5
84,Ipameri,BR,2021-04-26 00:12:28,-17.7219,-48.1597,69.1,62,75,0.96
85,Port Elizabeth,ZA,2021-04-26 00:12:29,-33.918,25.5701,59.0,88,0,8.05
86,Hermanus,ZA,2021-04-26 00:09:51,-34.4187,19.2345,61.0,91,87,1.01
87,Villamontes,BO,2021-04-26 00:12:30,-21.25,-63.5,62.74,77,68,3.18
88,Presidencia Roque Saenz Pena,AR,2021-04-26 00:12:30,-26.7852,-60.4388,63.0,78,0,1.01
89,Port-Gentil,GA,2021-04-26 00:12:31,-0.7193,8.7815,82.44,77,0,8.1
90,Qaanaaq,GL,2021-04-26 00:12:31,77.484,-69.3632,28.58,70,8,7.9
91,Esperance,AU,2021-04-26 00:12:31,-33.8667,121.9,59.0,55,0,16.11
92,Thompson,CA,2021-04-26 00:11:30,55.7435,-97.8558,32.0,93,75,4.61
93,Bata,GQ,2021-04-26 00:12:32,1.8639,9.7658,79.39,83,64,5.93
94,Pangnirtung,CA,2021-04-26 00:12:32,66.1451,-65.7125,32.14,87,99,3.44
95,Pyay,MM,2021-04-26 00:12:33,18.8167,95.2167,81.14,71,69,5.55
96,Nkoteng,CM,2021-04-26 00:12:34,4.5167,12.0333,69.03,96,92,1.97
97,Caala,AO,2021-04-26 00:12:35,-12.8525,15.5606,58.91,69,79,0.67
98,Nikolskoye,RU,2021-04-26 00:12:35,59.7035,30.7861,37.99,87,90,8.95
99,Ancud,CL,2021-04-26 00:12:36,-41.8697,-73.8203,54.0,87,90,4.61
100,Samarai,PG,2021-04-26 00:12:36,-10.6167,150.6667,84.72,71,63,12.03
101,Vaini,TO,2021-04-26 00:07:46,-21.2,-175.2,80.6,83,75,6.91
102,Berlevag,NO,2021-04-26 00:12:37,70.8578,29.0864,29.84,85,71,14.23
103,Thomaston,US,2021-04-26 00:12:38,32.8882,-84.3266,69.8,48,1,6.91
104,Ribeira Grande,PT,2021-04-26 00:12:38,38.5167,-28.7,57.2,82,20,6.91
105,Saldanha,ZA,2021-04-26 00:12:39,-33.0117,17.9442,60.8,94,81,5.75
106,Javanrud,IR,2021-04-26 00:12:40,34.7961,46.5172,59.2,35,11,4.5
107,Iqaluit,CA,2021-04-26 00:12:25,63.7506,-68.5145,32.0,93,75,3.44
108,Brae,GB,2021-04-26 00:12:41,60.3964,-1.353,41.0,93,99,4.61
109,Malinyi,TZ,2021-04-26 00:12:41,-8.9333,36.1333,70.45,98,94,0.22
110,Lorengau,PG,2021-04-26 00:11:12,-2.0226,147.2712,84.27,67,72,3.91
111,Hulan,CN,2021-04-26 00:12:42,45.9833,126.6,46.4,49,0,4.47
112,Pevek,RU,2021-04-26 00:12:43,69.7008,170.3133,22.55,89,100,8.81
113,Nanortalik,GL,2021-04-26 00:12:43,60.1432,-45.2371,39.25,85,100,7.7
114,Manyana,BW,2021-04-26 00:12:43,-23.4,21.7167,62.08,31,27,3.22
115,Oranjemund,NA,2021-04-26 00:12:44,-28.55,16.4333,62.02,90,100,3.96
116,Tazmalt,DZ,2021-04-26 00:12:44,36.3868,4.3989,63.91,49,27,7.56
117,Kaka,TM,2021-04-26 00:12:45,37.3482,59.6143,72.09,27,2,7.02
118,Arraial Do Cabo,BR,2021-04-26 00:12:45,-22.9661,-42.0278,74.3,82,94,8.59
119,Isetskoye,RU,2021-04-26 00:12:46,56.4858,65.3226,41.04,91,71,6.67
120,Dandong,CN,2021-04-26 00:12:46,40.1292,124.3947,60.53,30,95,4.34
121,Chuy,UY,2021-04-26 00:11:50,-33.6971,-53.4616,59.49,83,53,9.48
122,Durazno,UY,2021-04-26 00:12:16,-33.4131,-56.5006,55.4,94,0,7.81
123,Nola,IT,2021-04-26 00:12:47,40.922,14.5329,51.8,76,0,1.14
124,Auki,SB,2021-04-26 00:10:13,-8.7676,160.7034,85.03,72,81,2.84
125,Tiksi,RU,2021-04-26 00:08:46,71.6872,128.8694,27.45,95,100,5.17
126,Ponta Do Sol,PT,2021-04-26 00:11:47,32.6667,-17.1,57.99,86,51,3.0
127,Sur,OM,2021-04-26 00:11:10,22.5667,59.5289,83.35,44,30,7.54
128,Tuatapere,NZ,2021-04-26 00:11:10,-46.1333,167.6833,46.99,90,94,8.99
129,Sorland,NO,2021-04-26 00:12:49,67.667,12.6934,37.51,61,87,8.41
130,Isabela,PH,2021-04-26 00:12:49,6.7085,121.9711,80.6,83,75,3.87
131,Puerto Concordia,CO,2021-04-26 00:12:50,2.6221,-72.7572,76.39,88,100,2.55
132,Dekar,BW,2021-04-26 00:12:50,-21.5333,21.9333,62.38,30,1,5.26
133,Manta,EC,2021-04-26 00:12:51,-0.95,-80.7333,78.8,73,0,9.22
134,Jamestown,US,2021-04-26 00:09:19,42.097,-79.2353,41.0,70,90,17.27
135,Tasiilaq,GL,2021-04-26 00:11:11,65.6145,-37.6368,39.2,70,90,11.5
136,Coquimbo,CL,2021-04-26 00:12:52,-29.9533,-71.3436,57.2,82,0,5.75
137,Ternate,ID,2021-04-26 00:12:53,0.8,127.4,83.32,73,72,4.41
138,Suntar,RU,2021-04-26 00:12:12,62.1444,117.6319,33.42,98,100,5.26
139,Pakokku,MM,2021-04-26 00:12:53,21.3333,95.1,86.9,50,16,10.18
140,Walvis Bay,NA,2021-04-26 00:12:54,-22.9575,14.5053,61.0,92,12,1.01
141,Kodiak,US,2021-04-26 00:09:41,57.79,-152.4072,42.8,75,90,12.66
142,Havelock,US,2021-04-26 00:11:23,34.8791,-76.9013,62.01,73,44,5.21
143,Ust-Nera,RU,2021-04-26 00:12:55,64.5667,143.2,17.8,85,89,5.61
144,Chifeng,CN,2021-04-26 00:12:55,42.2683,118.9636,57.15,46,95,11.72
145,Faanui,PF,2021-04-26 00:12:56,-16.4833,-151.75,81.12,65,20,3.06
146,Lata,PT,2021-04-26 00:12:56,40.1629,-8.3327,59.0,91,92,3.65
147,Rosetta,EG,2021-04-26 00:12:57,31.4044,30.4164,62.6,82,40,12.66
148,Mildura,AU,2021-04-26 00:12:57,-34.2,142.15,63.0,55,0,4.61
149,Margate,GB,2021-04-26 00:12:58,51.3813,1.3862,43.0,70,24,5.01
150,Shitanjing,CN,2021-04-26 00:12:58,39.2342,106.3439,40.42,23,14,18.57
151,Rochegda,RU,2021-04-26 00:12:59,62.8,43.25,39.92,95,100,3.74
152,Tobermory,CA,2021-04-26 00:12:59,45.2501,-81.6665,37.4,60,54,14.97
153,Altay,CN,2021-04-26 00:13:00,47.8667,88.1167,30.31,32,43,7.25
154,Hay River,CA,2021-04-26 00:10:28,60.8156,-115.7999,23.0,86,90,10.36
155,Pacific Grove,US,2021-04-26 00:13:01,36.6177,-121.9166,55.99,79,100,9.26
156,Miri,MY,2021-04-26 00:13:01,4.4148,114.0089,78.8,94,20,2.3
157,Isangel,VU,2021-04-26 00:13:02,-19.55,169.2667,82.4,74,75,11.5
158,Kolda,SN,2021-04-26 00:13:03,12.8833,-14.95,91.4,25,2,9.22
159,East London,ZA,2021-04-26 00:13:03,-33.0153,27.9116,67.62,59,98,9.31
160,Te Anau,NZ,2021-04-26 00:13:04,-45.4167,167.7167,48.96,84,100,9.42
161,Komsomolskiy,UZ,2021-04-26 00:13:04,40.4272,71.7189,59.0,47,0,6.91
162,Sola,VU,2021-04-26 00:11:56,-13.8833,167.55,86.0,70,40,7.54
163,Fort-Shevchenko,KZ,2021-04-26 00:13:05,44.5086,50.263,54.97,85,99,19.46
164,Ushtobe,KZ,2021-04-26 00:13:05,45.2514,77.9838,50.36,53,73,4.32
165,Helong,CN,2021-04-26 00:13:06,42.5397,128.9972,54.0,29,80,2.91
166,Bambous Virieux,MU,2021-04-26 00:13:07,-20.3428,57.7575,75.2,94,75,11.5
167,Kruisfontein,ZA,2021-04-26 00:09:54,-34.0033,24.7314,67.48,48,100,6.06
168,Kiunga,PG,2021-04-26 00:13:07,-6.1219,141.2906,83.75,68,88,2.01
169,Matiri,TZ,2021-04-26 00:13:08,-10.75,34.9,61.09,95,46,3.33
170,Pisco,PE,2021-04-26 00:10:53,-13.7,-76.2167,64.99,88,0,4.61
171,Valley,US,2021-04-26 00:13:08,45.1277,-116.1262,43.0,81,75,3.44
172,Hobyo,SO,2021-04-26 00:13:09,5.3505,48.5268,83.21,64,54,9.82
173,Saint George,US,2021-04-26 00:10:25,37.1041,-113.5841,79.0,12,1,18.41
174,Fremont,US,2021-04-26 00:09:29,37.5483,-121.9886,57.2,62,75,26.84
175,Mao,ES,2021-04-26 00:13:10,39.8885,4.2658,59.0,77,0,14.97
176,Bintulu,MY,2021-04-26 00:13:10,3.1667,113.0333,77.0,94,20,3.44
177,Watsonville,US,2021-04-26 00:13:11,36.9102,-121.7569,55.99,82,100,1.99
178,Beringovskiy,RU,2021-04-26 00:13:11,63.05,179.3167,31.64,90,96,1.54
179,Seoul,KR,2021-04-26 00:13:01,37.5683,126.9778,60.8,25,40,8.05
180,Hirara,JP,2021-04-26 00:13:12,24.8,125.2833,73.4,64,20,13.8
181,Evensk,RU,2021-04-26 00:10:09,61.95,159.2333,25.83,88,100,6.87
182,Tromso,NO,2021-04-26 00:13:13,69.6496,18.957,33.8,86,75,5.75
183,Aljezur,PT,2021-04-26 00:13:13,37.3191,-8.8033,58.82,92,60,8.86
184,Mucurapo,TT,2021-04-26 00:13:14,10.6667,-61.5333,80.6,69,20,8.05
185,Voskresenskoye,RU,2021-04-26 00:13:14,56.8381,45.4317,33.87,88,100,17.4
186,Sheltozero,RU,2021-04-26 00:13:14,61.3667,35.3667,34.68,97,100,3.8
187,Hithadhoo,MV,2021-04-26 00:13:15,-0.6,73.0833,82.53,68,69,5.01
188,Visby,SE,2021-04-26 00:10:03,57.6409,18.296,35.6,75,90,17.27
189,Xichang,CN,2021-04-26 00:13:16,27.8964,102.2634,62.2,57,80,4.63
190,Georgetown,MY,2021-04-26 00:11:32,5.4112,100.3354,81.0,89,20,3.44
191,Norman Wells,CA,2021-04-26 00:09:43,65.282,-126.8329,37.4,38,20,12.66
192,Halifax,CA,2021-04-26 00:10:46,44.6453,-63.5724,45.0,100,100,8.05
193,Buala,SB,2021-04-26 00:13:17,-8.145,159.5921,85.53,70,65,1.21
194,Yerofey Pavlovich,RU,2021-04-26 00:13:17,53.9667,121.9667,49.57,41,100,3.44
195,Guhagar,IN,2021-04-26 00:13:17,17.4842,73.1929,80.24,82,69,0.78
196,Umea,SE,2021-04-26 00:13:18,63.8284,20.2597,35.6,51,90,11.5
197,Nome,US,2021-04-26 00:13:19,64.5011,-165.4064,42.8,65,1,3.44
198,Tres Arroyos,AR,2021-04-26 00:11:00,-38.3739,-60.2798,57.45,74,100,5.35
199,Mnogovershinnyy,RU,2021-04-26 00:13:19,53.9353,139.9242,29.52,72,8,4.59
200,Hilo,US,2021-04-26 00:13:04,19.7297,-155.09,78.8,65,90,14.97
201,Los Arcos,PH,2021-04-26 00:13:20,8.6328,125.9856,80.26,82,94,1.66
202,Riyadh,SA,2021-04-26 00:10:08,24.6877,46.7219,78.8,20,0,3.44
203,Saint-Dizier,FR,2021-04-26 00:13:20,48.4167,5.0833,46.4,53,0,6.91
204,Bengkulu,ID,2021-04-26 00:13:21,-3.8004,102.2655,76.35,85,33,4.41
205,Catamayo,EC,2021-04-26 00:13:21,-3.9833,-79.35,75.2,64,20,9.22
206,Omsukchan,RU,2021-04-26 00:13:22,62.5333,155.8,14.5,73,99,2.19
207,Stolberg,DE,2021-04-26 00:13:22,50.7667,6.2333,39.99,76,96,4.47
208,Paso De Los Toros,UY,2021-04-26 00:13:23,-32.8167,-56.5167,55.4,94,0,8.37
209,Biltine,TD,2021-04-26 00:13:23,14.5333,20.9167,86.54,21,99,4.92
210,Saint Anthony,US,2021-04-26 00:13:24,45.0205,-93.218,43.0,52,90,12.66
211,Tiznit,MA,2021-04-26 00:13:25,29.5833,-9.5,57.79,73,3,3.02
212,Namibe,AO,2021-04-26 00:11:28,-15.1961,12.1522,76.57,67,0,9.75
213,Nang Rong,TH,2021-04-26 00:13:26,14.6377,102.7914,84.99,100,45,2.3
214,Honningsvag,NO,2021-04-26 00:13:26,70.9821,25.9704,35.56,68,100,11.12
215,Palu,ID,2021-04-26 00:13:27,-0.8917,119.8707,82.56,74,98,2.46
216,Cavnic,RO,2021-04-26 00:10:12,47.6667,23.8667,41.0,93,20,9.22
217,Constitucion,CL,2021-04-26 00:13:28,-35.3333,-72.4167,57.24,81,1,11.05
218,Makakilo City,US,2021-04-26 00:13:28,21.3469,-158.0858,82.4,51,90,6.91
219,Turayf,SA,2021-04-26 00:13:29,31.6725,38.6637,75.2,27,0,8.05
220,Kirakira,SB,2021-04-26 00:13:29,-10.4544,161.9205,84.72,74,72,1.72
221,Yellowknife,CA,2021-04-26 00:11:12,62.456,-114.3525,9.0,72,90,13.8
222,Havre-Saint-Pierre,CA,2021-04-26 00:13:30,50.2334,-63.5986,39.2,70,75,5.75
223,Perleberg,DE,2021-04-26 00:13:31,53.0667,11.8667,35.01,73,3,5.03
224,Harper,LR,2021-04-26 00:13:31,4.375,-7.7169,77.29,85,100,2.75
225,Torbay,CA,2021-04-26 00:09:30,47.6666,-52.7314,44.6,57,20,9.22
226,Sakaiminato,JP,2021-04-26 00:13:32,35.55,133.2333,57.2,51,75,13.8
227,Troitsko-Pechorsk,RU,2021-04-26 00:13:32,62.7084,56.1964,38.55,96,98,7.52
228,Nelidovo,RU,2021-04-26 00:13:33,56.2211,32.7774,28.42,97,14,6.58
229,Bethel,US,2021-04-26 00:11:54,41.3712,-73.414,57.2,58,20,4.61
230,Bredasdorp,ZA,2021-04-26 00:13:34,-34.5322,20.0403,51.8,93,100,1.14
231,Sechura,PE,2021-04-26 00:13:35,-5.5569,-80.8222,73.17,67,48,17.83
232,Upernavik,GL,2021-04-26 00:12:21,72.7868,-56.1549,33.64,76,50,4.97
233,Portland,US,2021-04-26 00:11:14,45.5234,-122.6762,59.0,51,90,11.5
234,Cuzaplac,RO,2021-04-26 00:13:37,46.9667,23.2,46.4,87,75,10.36
235,Kayes,ML,2021-04-26 00:13:38,14.0,-11.0,95.02,14,0,8.81
236,Waingapu,ID,2021-04-26 00:13:38,-9.6567,120.2641,80.04,71,46,10.74
237,Gornyy,RU,2021-04-26 00:13:38,55.1153,83.9059,34.0,66,100,4.81
238,Mago,RU,2021-04-26 00:13:39,53.2514,140.1822,33.82,70,17,3.67
239,Adrar,MR,2021-04-26 00:13:39,20.5022,-10.0711,81.18,22,34,10.83
240,Husavik,IS,2021-04-26 00:12:20,66.0449,-17.3389,37.4,87,90,10.36
241,San Patricio,US,2021-04-26 00:13:40,28.017,-97.5169,78.01,78,75,17.27
242,Pinerolo,IT,2021-04-26 00:13:40,44.8833,7.35,57.99,69,99,1.99
243,Longavi,CL,2021-04-26 00:13:41,-35.9667,-71.6833,57.42,54,0,5.46
244,Port Macquarie,AU,2021-04-26 00:12:49,-31.4333,152.9167,70.0,66,6,1.01
245,Saint-Georges,GD,2021-04-26 00:13:41,12.0564,-61.7485,80.6,78,20,26.46
246,Waipawa,NZ,2021-04-26 00:13:42,-41.4122,175.5153,60.8,55,40,12.66
247,Khatanga,RU,2021-04-26 00:12:20,71.9667,102.5,7.99,94,60,11.18
248,Salalah,OM,2021-04-26 00:13:43,17.0151,54.0924,82.4,74,40,8.05
249,Ballina,AU,2021-04-26 00:13:43,-28.8667,153.5667,66.99,88,90,6.91
250,Saskylakh,RU,2021-04-26 00:12:13,71.9167,114.0833,14.85,93,100,23.04
251,Svetlogorsk,BY,2021-04-26 00:13:44,52.6333,29.7333,31.44,80,47,5.23
252,Severo-Kurilsk,RU,2021-04-26 00:13:44,50.6789,156.125,32.77,98,100,12.06
253,Belyy Yar,RU,2021-04-26 00:13:45,53.6039,91.3903,30.2,80,97,4.47
254,Lao Cai,VN,2021-04-26 00:13:45,22.4833,103.95,78.71,94,99,1.61
255,Ormara,PK,2021-04-26 00:13:46,25.2088,64.6357,80.85,69,23,2.93
256,Richards Bay,ZA,2021-04-26 00:13:46,-28.783,32.0377,64.99,92,3,3.29
257,Muros,ES,2021-04-26 00:13:18,42.7762,-9.0603,57.0,93,56,4.83
258,Cap Malheureux,MU,2021-04-26 00:13:47,-19.9842,57.6142,75.0,86,96,5.01
259,Praia Da Vitoria,PT,2021-04-26 00:13:48,38.7333,-27.0667,60.8,82,75,11.95
260,Saint-Pierre,RE,2021-04-26 00:13:48,-21.3393,55.4781,77.0,73,0,16.11
261,Suluq,LY,2021-04-26 00:13:49,31.6682,20.2521,59.45,88,0,8.86
262,Melita,CA,2021-04-26 00:13:49,49.2681,-100.9967,37.99,78,100,10.0
263,Dudinka,RU,2021-04-26 00:13:50,69.4058,86.1778,5.81,97,100,5.61
264,Zhigansk,RU,2021-04-26 00:13:50,66.7697,123.3711,32.43,99,100,8.93
265,Porto Nacional,BR,2021-04-26 00:13:51,-10.7081,-48.4172,73.4,100,75,3.44
266,Batagay-Alyta,RU,2021-04-26 00:13:51,67.8006,130.4114,24.98,78,100,2.91
267,Wanning,CN,2021-04-26 00:13:32,18.8003,110.3967,80.26,83,100,6.02
268,Atlantic City,US,2021-04-26 00:13:52,39.3643,-74.4229,60.01,62,1,5.75
269,Morant Bay,JM,2021-04-26 00:13:53,17.8815,-76.4093,80.6,74,40,9.22
270,Kurilsk,RU,2021-04-26 00:13:53,45.2333,147.8833,31.21,70,61,15.48
271,Maceio,BR,2021-04-26 00:10:47,-9.6658,-35.7353,75.2,88,0,3.44
272,Tezu,IN,2021-04-26 00:13:54,27.9167,96.1667,76.84,26,42,3.71
273,Puerto Del Rosario,ES,2021-04-26 00:13:55,28.5004,-13.8627,68.0,73,20,4.61
274,Basar,IN,2021-04-26 00:13:55,27.9833,94.6667,71.6,78,20,3.44
275,Port Blair,IN,2021-04-26 00:13:32,11.6667,92.75,81.37,77,95,5.53
276,Mombetsu,JP,2021-04-26 00:09:49,44.3525,143.3525,37.0,68,38,7.0
277,Anastacio,BR,2021-04-26 00:13:56,-20.4836,-55.8069,69.21,95,88,3.51
278,Oil City,US,2021-04-26 00:13:56,41.4339,-79.7064,43.0,65,1,8.05
279,Mossendjo,CG,2021-04-26 00:13:57,-2.9506,12.7261,69.89,98,23,0.38
280,Chapais,CA,2021-04-26 00:13:57,49.7834,-74.8492,32.0,93,90,17.27
281,Yulara,AU,2021-04-26 00:13:58,-25.2406,130.9889,60.8,44,0,11.5
282,Resistencia,AR,2021-04-26 00:13:58,-27.4606,-58.9839,60.01,88,0,4.61
283,San Pedro De Ycuamandiyu,PY,2021-04-26 00:13:59,-24.0917,-57.0764,68.09,72,84,5.57
284,Alyangula,AU,2021-04-26 00:13:59,-13.8483,136.4192,80.6,100,75,12.39
285,Fortuna,US,2021-04-26 00:14:00,40.5982,-124.1573,55.99,66,90,6.91
286,Nizhniy Lomov,RU,2021-04-26 00:14:00,53.5304,43.6766,36.32,80,18,12.33
287,Nizhniy Tsasuchey,RU,2021-04-26 00:13:49,50.5167,115.1333,53.58,47,100,21.0
288,Yar-Sale,RU,2021-04-26 00:10:07,66.8333,70.8333,32.81,97,100,12.5
289,Sikasso,ML,2021-04-26 00:14:01,10.9167,-7.0,86.47,38,86,4.81
290,Sitka,US,2021-04-26 00:14:02,57.0531,-135.33,57.2,41,1,3.44
291,Sao Francisco De Paula,BR,2021-04-26 00:14:02,-29.4481,-50.5836,57.0,92,82,1.99
292,Mount Hagen,PG,2021-04-26 00:14:03,-5.8581,144.2274,66.85,78,100,3.38
293,Aklavik,CA,2021-04-26 00:14:04,68.2191,-135.0107,17.6,73,40,10.36
294,San Pedro,PH,2021-04-26 00:14:04,14.35,121.0167,82.0,78,75,5.75
295,Tayshet,RU,2021-04-26 00:14:05,55.9342,98.0044,33.76,96,100,10.83
296,Lavrentiya,RU,2021-04-26 00:09:43,65.5833,-171.0,31.87,94,85,1.34
297,Ketchikan,US,2021-04-26 00:12:05,55.3422,-131.6461,60.8,31,1,8.05
298,Denpasar,ID,2021-04-26 00:11:36,-8.65,115.2167,78.8,83,20,2.3
299,Namanga,KE,2021-04-26 00:14:06,-2.5433,36.7905,63.91,87,67,2.35
300,Mogadishu,SO,2021-04-26 00:14:07,2.0371,45.3438,82.74,76,99,10.92
301,Indianola,US,2021-04-26 00:09:14,41.3581,-93.5574,66.2,42,75,18.41
302,Mount Isa,AU,2021-04-26 00:14:08,-20.7333,139.5,78.8,47,40,17.27
303,Lluta,PE,2021-04-26 00:14:08,-16.0147,-72.0142,55.4,67,0,3.71
304,Geraldton,AU,2021-04-26 00:13:27,-28.7667,114.6,68.0,42,1,12.66
305,Bandarbeyla,SO,2021-04-26 00:14:09,9.4942,50.8122,81.82,73,85,5.97
306,Katherine,AU,2021-04-26 00:14:09,-14.4667,132.2667,82.4,65,79,2.3
307,Vicente Guerrero,MX,2021-04-26 00:14:10,19.1194,-98.1708,78.8,21,75,101.27
308,Maarianhamina,AX,2021-04-26 00:14:10,60.0973,19.9348,33.8,86,90,13.8
309,Vanderhoof,CA,2021-04-26 00:14:11,54.0166,-124.0198,52.72,23,0,3.94
310,Rocha,UY,2021-04-26 00:14:10,-34.4833,-54.3333,58.3,80,43,8.48
311,Inhambane,MZ,2021-04-26 00:14:12,-23.865,35.3833,68.92,92,0,4.72
312,Tongren,CN,2021-04-26 00:14:13,27.7172,109.1853,57.56,95,100,0.89
313,Rocky Mountain House,CA,2021-04-26 00:14:13,52.3668,-114.9188,44.6,36,100,5.75
314,Butajira,ET,2021-04-26 00:14:14,8.1167,38.3667,60.21,91,100,2.68
315,Port Lincoln,AU,2021-04-26 00:13:52,-34.7333,135.8667,63.7,68,3,7.61
316,Khash,IR,2021-04-26 00:14:14,28.2211,61.2158,67.59,32,26,2.08
317,Anadyr,RU,2021-04-26 00:14:15,64.75,177.4833,26.6,93,90,6.71
318,Kranjska Gora,SI,2021-04-26 00:14:16,46.4839,13.7894,53.01,98,61,2.51
319,Roma,US,2021-04-26 00:14:16,43.2128,-75.4557,46.4,57,20,20.71
320,Arlit,NE,2021-04-26 00:14:16,18.7369,7.3853,89.65,10,67,9.01
321,Phan Thiet,VN,2021-04-26 00:14:17,10.9333,108.1,80.89,78,55,3.56
322,Hambantota,LK,2021-04-26 00:14:18,6.1241,81.1185,78.75,82,25,6.02
323,Tornio,FI,2021-04-26 00:14:18,65.8481,24.1466,33.8,64,20,12.66
324,Kavieng,PG,2021-04-26 00:13:16,-2.5744,150.7967,82.87,71,99,2.95
325,Itarema,BR,2021-04-26 00:14:19,-2.9248,-39.9167,77.59,79,7,8.16
326,Charlestown,AU,2021-04-26 00:14:19,-32.95,151.6667,69.01,73,34,3.24
327,Mount Gambier,AU,2021-04-26 00:14:09,-37.8333,140.7667,53.6,94,90,5.75
328,Prescott,US,2021-04-26 00:10:56,34.54,-112.4685,70.0,14,1,14.97
329,Flinders,AU,2021-04-26 00:14:20,-34.5833,150.8552,66.0,75,0,1.99
330,Vostok,RU,2021-04-26 00:14:20,46.4856,135.8833,42.04,26,9,6.91
331,Zachepylivka,UA,2021-04-26 00:14:21,49.1939,35.2394,42.64,69,100,6.73
332,Taoudenni,ML,2021-04-26 00:14:21,22.6783,-3.9836,89.83,13,6,10.04
333,Puri,IN,2021-04-26 00:14:22,19.8,85.85,80.6,94,20,6.91
334,Saint-Francois,FR,2021-04-26 00:13:14,46.4154,3.9054,57.2,44,0,6.91
335,Manokwari,ID,2021-04-26 00:14:23,-0.8667,134.0833,81.16,77,100,7.67
336,El Progreso,HN,2021-04-26 00:14:24,15.4,-87.8,89.6,66,40,17.27
337,Calvia,ES,2021-04-26 00:14:24,39.5657,2.5062,62.6,72,0,14.97
338,Knysna,ZA,2021-04-26 00:09:29,-34.0363,23.0471,60.8,94,20,4.61
339,Japura,ID,2021-04-26 00:14:25,-0.3167,102.35,74.79,96,36,1.59
340,Avanigadda,IN,2021-04-26 00:14:25,16.0215,80.9181,78.94,78,5,4.52
341,Junction City,US,2021-04-26 00:14:26,39.0286,-96.8314,77.0,41,1,16.11
342,Cornwall,CA,2021-04-26 00:14:26,45.0181,-74.7281,48.2,57,90,20.71
343,Crestline,US,2021-04-26 00:14:27,34.242,-117.2856,68.0,100,96,1.01
344,Regina,CA,2021-04-26 00:13:15,50.4501,-104.6178,39.2,81,90,6.91
345,Aden,YE,2021-04-26 00:13:30,12.7794,45.0367,81.93,80,23,11.74
346,Calama,CL,2021-04-26 00:14:28,-22.4667,-68.9333,59.0,31,0,18.41
347,Maxixe,MZ,2021-04-26 00:14:28,-23.8597,35.3472,68.13,93,0,4.12
348,Natal,BR,2021-04-26 00:14:10,-5.795,-35.2094,80.6,78,20,8.05
349,Sept-Iles,CA,2021-04-26 00:14:29,50.2001,-66.3821,41.0,75,48,3.44
350,Kupino,RU,2021-04-26 00:14:30,54.3663,77.2981,42.19,53,100,11.32
351,Gat,IL,2021-04-26 00:14:30,31.61,34.7642,70.0,55,0,1.14
352,Vieques,PR,2021-04-26 00:14:30,18.425,-65.8329,78.8,73,40,10.36
353,Goderich,CA,2021-04-26 00:14:31,43.7501,-81.7165,33.8,69,31,12.66
354,Moerewa,NZ,2021-04-26 00:14:31,-35.3833,174.0333,68.0,66,52,10.0
355,Nijar,ES,2021-04-26 00:14:32,36.9665,-2.206,63.0,88,75,4.61
356,Moose Factory,CA,2021-04-26 00:14:32,51.2585,-80.6094,28.4,50,1,4.61
357,Sergeyevka,KZ,2021-04-26 00:14:33,53.88,67.4158,45.5,75,92,9.73
358,Clyde River,CA,2021-04-26 00:11:27,70.4692,-68.5914,21.2,100,90,25.32
359,Lagoa,PT,2021-04-26 00:14:07,39.05,-27.9833,59.14,84,99,11.48
360,Klaksvik,FO,2021-04-26 00:13:53,62.2266,-6.589,44.6,100,100,14.97
361,Starodub,RU,2021-04-26 00:14:34,52.5844,32.7633,30.67,73,1,5.32
362,Vila Franca Do Campo,PT,2021-04-26 00:14:34,37.7167,-25.4333,59.0,77,40,10.36
363,La Baule-Escoublac,FR,2021-04-26 00:14:35,47.2922,-2.364,55.4,47,0,17.27
364,Abeche,TD,2021-04-26 00:14:36,13.8292,20.8324,83.34,25,84,3.09
365,Daru,PG,2021-04-26 00:14:36,-9.0763,143.2092,75.61,94,100,10.09
366,Ewa Beach,US,2021-04-26 00:14:37,21.3156,-158.0072,82.4,51,90,6.91
367,Ankang,CN,2021-04-26 00:14:37,32.68,109.0172,56.86,90,100,0.49
368,Morondava,MG,2021-04-26 00:14:38,-20.2833,44.2833,74.64,78,100,4.72
369,Sambava,MG,2021-04-26 00:14:39,-14.2667,50.1667,73.67,88,79,7.83
370,Rio Gallegos,AR,2021-04-26 00:14:39,-51.6226,-69.2181,60.8,39,0,17.27
371,Bilibino,RU,2021-04-26 00:14:40,68.0546,166.4372,21.15,80,99,3.02
372,Paamiut,GL,2021-04-26 00:14:40,61.994,-49.6678,36.36,96,100,7.18
373,Ayan,RU,2021-04-26 00:14:40,56.45,138.1667,30.7,73,60,3.02
374,Ossora,RU,2021-04-26 00:14:41,59.2353,163.0719,32.83,97,100,1.83
375,Okato,NZ,2021-04-26 00:14:41,-39.2,173.8833,57.0,63,96,8.01
376,Fiche,ET,2021-04-26 00:14:42,9.8,38.7333,53.87,78,100,1.01
377,Half Moon Bay,US,2021-04-26 00:14:42,37.4636,-122.4286,57.2,93,75,8.05
378,Sibu,MY,2021-04-26 00:14:43,2.3,111.8167,75.2,94,20,4.61
379,Deputatskiy,RU,2021-04-26 00:12:54,69.3,139.9,24.3,86,96,4.59
380,Nazret,ET,2021-04-26 00:14:44,8.55,39.2667,67.08,75,95,2.48
381,Emba,KZ,2021-04-26 00:14:44,48.8264,58.1442,51.46,80,100,9.22
382,Emmett,US,2021-04-26 00:14:44,43.8735,-116.4993,55.99,47,100,1.99
383,Santa Rosa,PH,2021-04-26 00:14:41,14.3122,121.1114,82.0,78,75,5.75
384,Baruun-Urt,MN,2021-04-26 00:14:45,46.6806,113.2792,51.06,38,42,30.42
385,Gillette,US,2021-04-26 00:12:12,44.2911,-105.5022,59.0,47,75,10.36
386,Eureka,US,2021-04-26 00:14:46,40.8021,-124.1637,54.0,72,93,5.01
387,Faya,SA,2021-04-26 00:14:47,18.3851,42.4509,62.6,67,40,7.58
388,Mindelo,CV,2021-04-26 00:14:48,16.8901,-24.9804,69.8,68,40,17.27
389,Palmas,BR,2021-04-26 00:14:48,-10.2128,-48.3603,73.4,100,75,3.44
390,General Roca,AR,2021-04-26 00:14:48,-39.0333,-67.5833,62.6,67,0,3.44
391,Nyurba,RU,2021-04-26 00:14:49,63.2842,118.3319,34.25,91,100,6.85
392,Bennington,US,2021-04-26 00:14:49,42.8781,-73.1968,53.6,50,1,8.05
393,Kholodnyy,RU,2021-04-26 00:14:50,62.7167,147.95,4.41,72,60,3.11
394,Micheweni,TZ,2021-04-26 00:14:50,-4.9667,39.8333,78.39,86,30,7.49
395,Jiazi,CN,2021-04-26 00:14:51,22.8779,116.067,71.13,73,98,17.65
396,Kieta,PG,2021-04-26 00:14:52,-6.2167,155.6333,85.57,63,81,4.79
397,Basco,PH,2021-04-26 00:14:52,20.4487,121.9702,76.06,66,89,19.35
398,Labuhan,ID,2021-04-26 00:14:52,-6.8844,112.2051,78.71,83,49,8.86
399,Antofagasta,CL,2021-04-26 00:11:53,-23.65,-70.4,60.8,77,0,5.75
400,Estelle,US,2021-04-26 00:14:53,29.8458,-90.1067,77.0,53,0,1.01
401,Fallon,US,2021-04-26 00:14:54,39.4735,-118.7774,55.4,33,75,5.75
402,Moyale,KE,2021-04-26 00:14:54,3.5167,39.0584,67.32,74,71,2.82
403,Avera,US,2021-04-26 00:14:55,33.194,-82.5271,71.6,56,75,6.29
404,Rawson,AR,2021-04-26 00:14:55,-43.3002,-65.1023,61.88,53,81,21.21
405,Meulaboh,ID,2021-04-26 00:14:56,4.1363,96.1285,77.02,84,92,2.37
406,Pine Bluff,US,2021-04-26 00:14:56,34.2284,-92.0032,71.6,43,1,6.91
407,Romilly-Sur-Seine,FR,2021-04-26 00:14:57,48.5108,3.7263,50.0,43,0,6.91
408,Tyubuk,RU,2021-04-26 00:14:57,56.0552,60.9405,37.26,72,1,11.95
409,Stornoway,GB,2021-04-26 00:14:58,58.2093,-6.3865,48.99,81,100,9.22
410,Guerrero Negro,MX,2021-04-26 00:14:46,27.9769,-114.0611,63.3,69,100,16.44
411,Dicabisagan,PH,2021-04-26 00:14:59,17.0818,122.4157,77.63,75,56,5.41
412,Los Llanos De Aridane,ES,2021-04-26 00:14:59,28.6585,-17.9182,68.0,68,90,4.61
413,Oktyabrskoye,RU,2021-04-26 00:15:00,43.0645,44.7417,46.4,100,95,4.47
414,Fort Wellington,GY,2021-04-26 00:15:01,6.4,-57.6,77.58,86,100,10.07
415,Matara,LK,2021-04-26 00:15:01,5.9485,80.5353,76.62,89,54,2.91
416,Rexburg,US,2021-04-26 00:15:02,43.826,-111.7897,46.4,66,90,16.11
417,Ulladulla,AU,2021-04-26 00:15:03,-35.35,150.4667,57.2,77,0,9.22
418,Wilkie,CA,2021-04-26 00:15:04,52.4168,-108.7014,48.2,27,75,9.22
419,Belaya Gora,RU,2021-04-26 00:12:18,68.5333,146.4167,23.61,74,99,13.31
420,Krasnoselkup,RU,2021-04-26 00:15:04,65.7,82.4667,18.66,89,21,6.06
421,Fairbanks,US,2021-04-26 00:15:05,64.8378,-147.7164,64.4,26,1,4.61
422,Payson,US,2021-04-26 00:15:06,40.0444,-111.7321,66.99,36,90,4.61
423,Yerbogachen,RU,2021-04-26 00:15:06,61.2767,108.0108,31.17,90,93,12.91
424,Sandur,IN,2021-04-26 00:15:07,15.1,76.55,81.5,54,46,5.48
425,Tsiroanomandidy,MG,2021-04-26 00:15:07,-18.7667,46.0333,64.08,92,100,3.11
426,Sobolevo,RU,2021-04-26 00:15:08,54.4299,31.8996,29.55,83,12,6.69
427,Peace River,CA,2021-04-26 00:15:08,56.2501,-117.286,48.2,25,40,20.71
428,Abu Kamal,SY,2021-04-26 00:15:08,34.4506,40.9171,81.0,26,75,10.51
429,Zonguldak,TR,2021-04-26 00:15:09,41.25,31.8333,44.1,98,100,2.37
430,Chauk,MM,2021-04-26 00:15:10,20.8833,94.8167,83.71,58,20,12.33
431,Sakakah,SA,2021-04-26 00:15:10,29.9697,40.2064,78.8,21,0,11.5
432,Tabas,IR,2021-04-26 00:15:10,33.5959,56.9244,77.32,19,97,4.0
433,Tessalit,ML,2021-04-26 00:15:11,20.1986,1.0114,87.51,7,1,8.03
434,Touros,BR,2021-04-26 00:12:06,-5.1989,-35.4608,78.8,83,20,6.91
435,Asau,RO,2021-04-26 00:15:11,46.4333,26.4,43.0,60,20,2.73
436,Yumen,CN,2021-04-26 00:15:13,40.2833,97.2,38.12,16,44,8.1
437,Jardim,BR,2021-04-26 00:14:14,-21.4803,-56.1381,68.14,86,85,5.41
438,Kavaratti,IN,2021-04-26 00:15:14,10.5669,72.642,83.7,73,4,6.55
439,Gaoual,GN,2021-04-26 00:15:14,11.75,-13.2,84.0,28,65,5.35
440,Aswan,EG,2021-04-26 00:15:15,24.0934,32.907,85.98,11,0,7.16
441,Mayumba,GA,2021-04-26 00:15:15,-3.432,10.6554,77.77,87,21,2.06
442,Ixtapa,MX,2021-04-26 00:12:05,20.7,-105.2,80.01,78,75,12.66
443,Qiongshan,CN,2021-04-26 00:15:16,20.0058,110.3542,80.6,89,40,6.71
444,Polyarnyy,RU,2021-04-26 00:15:16,69.1989,33.4478,32.0,86,75,4.47
445,Kjollefjord,NO,2021-04-26 00:15:17,70.9457,27.3465,32.25,85,99,8.39
446,Ures,MX,2021-04-26 00:15:17,29.4333,-110.4,84.99,15,99,4.0
447,Emerald,AU,2021-04-26 00:15:17,-23.5333,148.1667,69.8,32,1,11.5
448,Thayetmyo,MM,2021-04-26 00:15:18,19.3167,95.1833,82.45,67,96,7.07
449,High Level,CA,2021-04-26 00:15:18,58.5169,-117.136,42.8,39,75,11.5
450,Gulabpura,IN,2021-04-26 00:15:19,25.9,74.6667,75.6,8,0,2.73
451,Boppard,DE,2021-04-26 00:15:19,50.2308,7.5899,39.2,60,94,9.22
452,Sao Felix Do Xingu,BR,2021-04-26 00:15:20,-6.6447,-51.995,72.86,97,19,1.07
453,Bakani,IN,2021-04-26 00:15:20,24.2833,76.2333,80.92,11,95,6.46
454,Akkermanovka,RU,2021-04-26 00:15:20,51.2467,58.2391,46.4,81,0,11.18
455,Vaitape,PF,2021-04-26 00:15:21,-16.5167,-151.75,81.14,65,20,3.09
456,Itoman,JP,2021-04-26 00:12:42,26.1247,127.6694,73.4,60,20,10.36
457,College,US,2021-04-26 00:15:21,64.8569,-147.8028,64.4,25,1,0.94
458,Longyan,CN,2021-04-26 00:15:22,25.1072,117.0225,67.66,84,92,1.66
459,Serdobsk,RU,2021-04-26 00:15:23,52.4586,44.2169,35.44,77,37,8.14
460,Xining,CN,2021-04-26 00:15:23,36.6167,101.7667,39.52,79,13,4.41
461,Shellbrook,CA,2021-04-26 00:15:23,53.2168,-106.4011,48.2,21,75,16.11
462,Atar,MR,2021-04-26 00:15:24,20.5169,-13.0499,78.26,20,0,3.27
463,Katsuura,JP,2021-04-26 00:15:24,35.1333,140.3,55.4,35,35,17.27
464,La Ronge,CA,2021-04-26 00:11:07,55.1001,-105.2842,37.4,41,100,9.22
465,Mocuba,MZ,2021-04-26 00:15:25,-16.8392,36.9856,68.25,98,83,3.0
466,Aykhal,RU,2021-04-26 00:13:54,66.0,111.5,5.2,93,100,27.87
467,Reyes,BO,2021-04-26 00:15:26,-14.3167,-67.3833,69.8,100,75,4.43
468,Sao Benedito Do Rio Preto,BR,2021-04-26 00:15:26,-3.3336,-43.5283,74.26,94,68,3.13
469,Oyon,PE,2021-04-26 00:15:27,-10.6681,-76.7731,46.89,89,89,2.8
470,Porto Novo,BJ,2021-04-26 00:15:28,6.4965,2.6036,84.2,74,20,11.5
471,Manitouwadge,CA,2021-04-26 00:15:28,49.1215,-85.8403,33.8,64,4,5.75
472,Sangar,RU,2021-04-26 00:15:28,63.9242,127.4739,27.0,94,100,14.97
473,Holme,DK,2021-04-26 00:15:29,56.1138,10.1725,34.0,69,7,1.14
474,Bam,IR,2021-04-26 00:15:30,29.106,58.357,74.26,23,67,3.85
475,Marrakesh,MA,2021-04-26 00:15:17,31.6315,-8.0083,60.8,67,75,6.91
476,Vardo,NO,2021-04-26 00:12:15,70.3705,31.1107,31.86,68,41,6.55
477,Narsaq,GL,2021-04-26 00:15:21,60.9167,-46.05,50.0,32,75,44.87
478,Codrington,AU,2021-04-26 00:15:31,-38.2667,141.9667,60.69,66,100,6.73
479,Mumford,GH,2021-04-26 00:15:31,5.2618,-0.759,81.52,83,49,7.58
480,Cabadiangan,PH,2021-04-26 00:15:32,9.7531,122.4739,82.81,73,85,1.7
481,Sandakan,MY,2021-04-26 00:15:32,5.8402,118.1179,77.0,88,20,3.44
482,Luba,GQ,2021-04-26 00:15:33,3.4568,8.5547,77.0,77,20,1.14
483,Novikovo,RU,2021-04-26 00:15:33,51.1537,37.8879,39.09,75,66,0.56
484,Tigil,RU,2021-04-26 00:15:33,57.8,158.6667,30.72,86,100,2.73
485,Erenhot,CN,2021-04-26 00:15:34,43.6475,111.9767,44.06,13,36,29.57
486,Tibu,CO,2021-04-26 00:15:35,8.639,-72.7358,80.53,78,36,1.59
487,Port-Cartier,CA,2021-04-26 00:14:35,50.0334,-66.8654,41.0,65,75,8.05
488,Axim,GH,2021-04-26 00:15:35,4.8699,-2.2405,80.19,84,100,6.4
489,Pitea,SE,2021-04-26 00:15:36,65.3172,21.4794,30.2,64,75,13.8
490,Garhi Khairo,PK,2021-04-26 00:15:37,28.0606,67.9803,85.73,18,15,6.91
491,Cartagena,CO,2021-04-26 00:12:04,10.3997,-75.5144,84.2,74,75,8.05
492,Najran,SA,2021-04-26 00:15:37,17.4924,44.1277,77.0,41,75,4.45
493,Ulaangom,MN,2021-04-26 00:15:38,49.9811,92.0667,27.88,43,1,6.96
494,Tahta,EG,2021-04-26 00:15:38,26.7693,31.5021,82.4,21,0,13.8
495,Inirida,CO,2021-04-26 00:15:39,3.8653,-67.9239,75.18,95,96,1.97
496,Puerto Leguizamo,CO,2021-04-26 00:15:39,-0.1934,-74.7819,73.98,96,86,1.74
497,Aleksandrov Gay,RU,2021-04-26 00:15:40,50.147,48.5704,41.54,57,91,1.77
498,Havoysund,NO,2021-04-26 00:15:40,70.9963,24.6622,32.0,93,75,8.05
499,Utica,US,2021-04-26 00:13:09,43.1009,-75.2327,46.4,57,20,20.71
500,Olavarria,AR,2021-04-26 00:15:41,-36.8927,-60.3225,60.01,80,99,4.25
501,Sao Joao Da Barra,BR,2021-04-26 00:15:41,-21.6403,-41.0511,74.53,89,49,6.35
502,Dzhebariki-Khaya,RU,2021-04-26 00:15:42,62.2167,135.8,28.47,83,100,4.23
503,Macklin,CA,2021-04-26 00:15:42,52.3334,-109.9348,50.0,22,100,4.61
504,Pindi Gheb,PK,2021-04-26 00:15:42,33.2402,72.2661,73.89,26,1,5.14
505,Batemans Bay,AU,2021-04-26 00:15:43,-35.7167,150.1833,64.0,53,2,0.36
506,Poso,ID,2021-04-26 00:15:43,-1.3959,120.7524,81.39,72,65,4.03
507,Shache,CN,2021-04-26 00:15:44,38.4167,77.2406,56.53,23,24,9.06
508,Sao Bento Do Sul,BR,2021-04-26 00:10:51,-26.2503,-49.3786,59.0,89,83,1.99
509,Cayenne,GF,2021-04-26 00:11:00,4.9333,-52.3333,81.0,83,75,3.44
510,Azul,AR,2021-04-26 00:15:41,-36.777,-59.8585,60.01,80,100,2.53
511,Langham,CA,2021-04-26 00:15:45,52.3668,-106.9679,51.8,20,75,12.66
512,Yakeshi,CN,2021-04-26 00:15:45,49.2833,120.7333,53.69,37,99,10.27
513,Fort Nelson,CA,2021-04-26 00:15:46,58.8053,-122.7002,57.2,17,75,11.5
514,Beyneu,KZ,2021-04-26 00:15:46,45.3167,55.2,64.81,32,59,19.57
515,Volkach,DE,2021-04-26 00:15:47,49.8667,10.2333,41.0,66,76,6.93
516,Bridgeton,US,2021-04-26 00:15:47,39.4273,-75.2341,60.8,48,20,6.91
517,Mandera,KE,2021-04-26 00:15:48,3.9366,41.867,80.04,68,94,6.08
518,Muli,MV,2021-04-26 00:15:48,2.9167,73.5667,82.81,70,40,5.37
519,Madaripur,BD,2021-04-26 00:15:49,23.1753,90.2072,80.13,54,15,4.92
520,Abha,SA,2021-04-26 00:14:27,18.2164,42.5053,62.6,67,40,9.95
521,Lagos,NG,2021-04-26 00:11:08,6.5833,3.75,82.4,83,20,2.3
522,Kamariotissa,GR,2021-04-26 00:15:49,40.4833,25.4667,51.8,76,0,8.05
523,Naze,JP,2021-04-26 00:15:50,28.3667,129.4833,75.2,57,75,16.11
524,Hvolsvollur,IS,2021-04-26 00:15:51,63.7533,-20.2243,37.0,91,11,13.0
525,Kilindoni,TZ,2021-04-26 00:15:51,-7.9139,39.6668,78.75,82,93,9.53
526,Bera,BD,2021-04-26 00:15:51,24.0833,89.6167,83.03,41,49,9.4
527,Malm,NO,2021-04-26 00:15:52,64.0721,11.2172,37.0,80,75,3.44
528,Miles City,US,2021-04-26 00:15:52,46.4083,-105.8406,57.2,44,1,5.75
529,Acarau,BR,2021-04-26 00:15:53,-2.8856,-40.12,77.99,79,8,8.84
530,Ondjiva,AO,2021-04-26 00:11:16,-17.0667,15.7333,64.74,36,4,7.29
531,Grand Gaube,MU,2021-04-26 00:13:54,-20.0064,57.6608,75.0,86,94,5.01
532,Tabuk,PH,2021-04-26 00:15:54,17.4189,121.4443,76.78,67,13,4.05
533,Leh,IN,2021-04-26 00:15:54,34.1667,77.5833,29.59,36,2,2.84
534,Cottonwood,US,2021-04-26 00:15:55,34.7392,-112.0099,80.01,10,23,3.0
535,Shreveport,US,2021-04-26 00:15:55,32.5251,-93.7502,77.0,46,1,9.22
536,Manzhouli,CN,2021-04-26 00:15:55,49.6,117.4333,49.51,84,100,11.97
537,San Quintin,MX,2021-04-26 00:12:58,30.4833,-115.95,62.2,65,67,13.87
538,Brownsville,US,2021-04-26 00:12:02,25.9018,-97.4975,80.6,61,1,13.8
539,Dorobantu,RO,2021-04-26 00:15:56,44.2167,26.95,48.99,65,40,1.01
540,Guanare,VE,2021-04-26 00:15:57,9.0418,-69.7421,84.2,61,44,3.44
541,Bodden Town,KY,2021-04-26 00:15:57,19.2833,-81.25,82.4,69,20,3.44
542,Mahajanga,MG,2021-04-26 00:15:58,-15.7167,46.3167,73.4,94,20,4.61
543,Irondequoit,US,2021-04-26 00:14:42,43.2134,-77.5797,41.0,65,75,18.41
544,Livingstonia,MW,2021-04-26 00:15:58,-10.606,34.1063,62.47,88,30,2.01
545,Nizwa,OM,2021-04-26 00:15:59,22.9333,57.5333,76.96,25,50,1.01
546,Kharp,RU,2021-04-26 00:15:59,66.8014,65.8081,33.28,98,100,7.16
547,Pingxiang,CN,2021-04-26 00:15:59,27.6167,113.85,60.42,97,100,1.52
548,Luganville,VU,2021-04-26 00:16:00,-15.5333,167.1667,85.6,69,67,5.35
549,Shelburne,CA,2021-04-26 00:15:07,44.0787,-80.2041,35.01,80,92,14.27
550,Sao Paulo De Olivenca,BR,2021-04-26 00:16:00,-3.3783,-68.8725,74.73,96,98,1.95
551,Tura,IN,2021-04-26 00:15:38,25.5198,90.2201,75.78,30,2,4.34
552,Shirvan,AZ,2021-04-26 00:16:01,39.9509,48.8994,55.49,69,55,2.17
553,Chistogorskiy,RU,2021-04-26 00:16:02,53.9835,87.3843,34.02,89,89,3.33
554,Karratha,AU,2021-04-26 00:12:49,-20.7377,116.8463,78.89,42,0,9.1
555,Talnakh,RU,2021-04-26 00:11:48,69.4865,88.3972,3.9,90,91,6.2
556,Oranjestad,AW,2021-04-26 00:16:03,12.524,-70.027,80.6,78,20,18.41
557,Beloha,MG,2021-04-26 00:16:03,-25.1667,45.05,71.06,74,0,6.67
558,Colchester,GB,2021-04-26 00:14:02,51.8892,0.9042,42.01,65,90,13.8
559,Zyryanka,RU,2021-04-26 00:16:04,65.75,150.85,20.44,77,9,14.52
560,Cabedelo,BR,2021-04-26 00:16:04,-6.9811,-34.8339,77.0,94,20,4.61
561,Qalyub,EG,2021-04-26 00:16:05,30.1792,31.2056,64.4,72,40,14.97
562,Lasa,IT,2021-04-26 00:16:05,46.6166,10.7002,51.01,65,0,5.75
563,Kochki,RU,2021-04-26 00:16:05,54.3358,80.4806,40.41,61,100,8.77
564,San Bartolome,ES,2021-04-26 00:16:06,27.9248,-15.5733,70.0,77,40,3.44
565,Pachelma,RU,2021-04-26 00:16:06,53.2443,43.3521,36.46,81,32,12.39
566,Petropavlovsk-Kamchatskiy,RU,2021-04-26 00:16:07,53.0452,158.6483,37.4,100,90,8.95
567,Xiaoshi,CN,2021-04-26 00:16:07,41.2971,124.1209,57.2,35,0,2.24
568,Cabras,IT,2021-04-26 00:16:08,39.93,8.5314,55.13,74,93,11.41
569,Bontang,ID,2021-04-26 00:16:08,0.1333,117.5,77.86,89,100,3.89
570,Quatre Cocos,MU,2021-04-26 00:16:09,-20.2078,57.7625,75.2,94,75,11.5
571,Galeana,MX,2021-04-26 00:16:09,24.8333,-100.0667,77.0,22,45,14.0
